<?xml version="1.0" encoding="UTF-8"?>
<extension type="module" version="3.0" client="site" method="upgrade">
    <name>MOD_VISITORCOUNTER</name>
    <version>3-2</version>
    <creationDate>2013-12-15</creationDate>
    <license>http://www.gnu.org/licenses/gpl-3.0</license>
    <copyright>Copyright 2013 Viktor Vogel. All rights reserved.</copyright>
    <author>Viktor Vogel</author>
    <authorEmail>admin@kubik-rubik.de</authorEmail>
    <authorUrl>http://joomla-extensions.kubik-rubik.de</authorUrl>
    <description>MOD_VISITORCOUNTER_XML_DESCRIPTION</description>
    <files>
        <filename module="mod_visitorcounter">mod_visitorcounter.php</filename>
        <filename module="mod_visitorcounter">mod_visitorcounter.css</filename>
        <filename module="mod_visitorcounter">helper.php</filename>
        <filename module="mod_visitorcounter">index.html</filename>
        <filename module="mod_visitorcounter">tmpl/default.php</filename>
        <filename module="mod_visitorcounter">tmpl/index.html</filename>
        <folder plugin="mod_visitorcounter">fields</folder>
    </files>
    <languages>
        <language tag="en-GB">language/en-GB/en-GB.mod_visitorcounter.sys.ini</language>
        <language tag="en-GB">language/en-GB/en-GB.mod_visitorcounter.ini</language>
        <language tag="de-DE">language/de-DE/de-DE.mod_visitorcounter.sys.ini</language>
        <language tag="de-DE">language/de-DE/de-DE.mod_visitorcounter.ini</language>
    </languages>
    <config>
        <fields name="params" addfieldpath="/modules/mod_visitorcounter/fields">
            <fieldset name="settings">
                <field type="krdonationcodecheck" />
                <field type="krtitle" name="spacer_output" label="MOD_VISITORCOUNTER_SPACER_OUTPUT" />
                <field name="s_today" type="list" default="1" label="MOD_VISITORCOUNTER_SHOWTODAY" description="MOD_VISITORCOUNTER_SHOWTODAYUSERS">
                    <option value="1">JYES</option>
                    <option value="0">JNO</option>
                </field>
                <field name="today" type="text" default="" label="MOD_VISITORCOUNTER_TODAYOPT" description="MOD_VISITORCOUNTER_TODAYDESC" />
                <field name="s_yesterday" type="list" default="1" label="MOD_VISITORCOUNTER_SHOWYESTERDAY" description="MOD_VISITORCOUNTER_SHOWYESTERDAYUSERS">
                    <option value="1">JYES</option>
                    <option value="0">JNO</option>
                </field>
                <field name="yesterday" type="text" default="" label="MOD_VISITORCOUNTER_YESTERDAYOPT" description="MOD_VISITORCOUNTER_YESTERDAYDESC" />
                <field name="s_week" type="list" default="1" label="MOD_VISITORCOUNTER_SHOWWEEK" description="MOD_VISITORCOUNTER_SHOWWEEKUSERS">
                    <option value="1">JYES</option>
                    <option value="0">JNO</option>
                </field>
                <field name="week" type="text" default="" label="MOD_VISITORCOUNTER_WEEKOPT" description="MOD_VISITORCOUNTER_WEEKDESC" />
                <field name="s_month" type="list" default="1" label="MOD_VISITORCOUNTER_SHOWMONTH" description="MOD_VISITORCOUNTER_SHOWMONTHUSERS">
                    <option value="1">JYES</option>
                    <option value="0">JNO</option>
                </field>
                <field name="month" type="text" default="" label="MOD_VISITORCOUNTER_MONTHOPT" description="MOD_VISITORCOUNTER_MONTHDESC" />
                <field name="s_all" type="list" default="1" label="MOD_VISITORCOUNTER_SHOWALL" description="MOD_VISITORCOUNTER_SHOWALLUSERS">
                    <option value="1">JYES</option>
                    <option value="0">JNO</option>
                </field>
                <field name="all" type="text" default="" label="MOD_VISITORCOUNTER_ALLOPT" description="MOD_VISITORCOUNTER_ALLDESC" />
                <field name="horizontal" type="list" default="0" label="MOD_VISITORCOUNTER_HORIZONTAL" description="MOD_VISITORCOUNTER_HORIZONTALDESC">
                    <option value="0">JNO</option>
                    <option value="1">JYES</option>
                    <option value="2">MOD_VISITORCOUNTER_YESCOMPACT</option>
                </field>
                <field name="hor_text" type="text" default="" label="MOD_VISITORCOUNTER_HORTEXT" description="MOD_VISITORCOUNTER_HORTEXTDESC" />
                <field name="separator" type="text" default="" label="MOD_VISITORCOUNTER_SEPARATOR" description="MOD_VISITORCOUNTER_SEPARATORDESC" />
                <field type="krtitle" name="spacer_countersettings" label="MOD_VISITORCOUNTER_SPACER_COUNTERSETTINGS" />
                <field name="locktime" type="text" default="1440" label="MOD_VISITORCOUNTER_LOCKTIME" description="MOD_VISITORCOUNTER_LOCKTIMEDESC" />
                <field name="preset" type="text" default="0" label="MOD_VISITORCOUNTER_PRESETCOUNTER" description="MOD_VISITORCOUNTER_PRESETCOUNTERDESC" />
                <field type="krtitle" name="spacer_whoisonline" label="MOD_VISITORCOUNTER_SPACER_WHOISONLINE" />
                <field name="whoisonline" type="list" default="1" label="MOD_VISITORCOUNTER_WHOISONLINE" description="MOD_VISITORCOUNTER_WHOISONLINEDESC">
                    <option value="1">JYES</option>
                    <option value="2">JYESNAMES</option>
                    <option value="0">JNO</option>
                </field>
                <field name="whoisonline_linknames" type="list" default="0" label="MOD_VISITORCOUNTER_WHOISONLINELINKNAMES" description="MOD_VISITORCOUNTER_WHOISONLINELINKNAMESDESC">
                    <option value="1">JYES</option>
                    <option value="2">MOD_VISITORCOUNTER_COMMUNITY_BUILDER</option>
                    <option value="0">JNO</option>
                </field>
                <field name="whoisonline_session" type="text" default="10" label="MOD_VISITORCOUNTER_WHOISONLINESESSION" description="MOD_VISITORCOUNTER_WHOISONLINESESSIONDESC" />
                <field type="krtitle" name="spacer_permissionexclusion" label="MOD_VISITORCOUNTER_SPACER_PERMISSIONEXCLUSION" />
                <field name="filter_groups" type="usergroup" default="1" multiple="true" size="10" label="MOD_VISITORCOUNTER_SHOWALLOWEDGROUPS" description="MOD_VISITORCOUNTER_SHOWALLOWEDGROUPSDESC" />
                <field name="nobots" type="list" default="1" label="MOD_VISITORCOUNTER_NOBOTS" description="MOD_VISITORCOUNTER_NOBOTSDESC">
                    <option value="1">JYES</option>
                    <option value="0">JNO</option>
                </field>
                <field name="botslist" type="text" size="100" default="bot,spider,crawler,libwww,search,archive,slurp,teoma,facebook,twitter" label="MOD_VISITORCOUNTER_BOTSLIST" description="MOD_VISITORCOUNTER_BOTSLISTDESC" />
                <field name="noip" type="list" default="0" label="MOD_VISITORCOUNTER_NOIPS" description="MOD_VISITORCOUNTER_NOIPSDESC">
                    <option value="1">JYES</option>
                    <option value="0">JNO</option>
                </field>
                <field name="ipslist" type="text" size="100" default="" label="MOD_VISITORCOUNTER_IPSLIST" description="MOD_VISITORCOUNTER_IPSLISTDESC" />
                <field type="krtitle" name="spacer_expertsettings" label="MOD_VISITORCOUNTER_SPACER_EXPERTSETTINGS" />
                <field name="anonymize_ip" type="list" default="0" label="MOD_VISITORCOUNTER_ANONYMIZEIP" description="MOD_VISITORCOUNTER_ANONYMIZEIPDESC">
                    <option value="1">JYES</option>
                    <option value="0">JNO</option>
                </field>
                <field name="clean_db" type="list" default="1" label="MOD_VISITORCOUNTER_AUTOMATICCLEANUP" description="MOD_VISITORCOUNTER_AUTOMATICCLEANUPDESC">
                    <option value="1">JYES</option>
                    <option value="0">JNO</option>
                </field>
                <field name="sql" type="list" default="1" label="MOD_VISITORCOUNTER_SQL" description="MOD_VISITORCOUNTER_SQLDESC">
                    <option value="1">JYES</option>
                    <option value="0">JNO</option>
                </field>
                <field name="copy" type="list" default="1" label="MOD_VISITORCOUNTER_POWEREDBY" description="MOD_VISITORCOUNTER_POWEREDBYDESC">
                    <option value="1">JYES</option>
                    <option value="0">JNO</option>
                </field>
            </fieldset>
            <fieldset name="contest">
                <field type="krdonationcodecheck" />
                <field name="counterwinner" type="list" default="0" label="MOD_VISITORCOUNTER_CONTESTACTIVATE" description="MOD_VISITORCOUNTER_CONTESTACTIVATEDESC">
                    <option value="1">JYES</option>
                    <option value="0">JNO</option>
                </field>
                <field name="cwnumber" type="text" default="" label="MOD_VISITORCOUNTER_CONTESTNUMBER" description="MOD_VISITORCOUNTER_CONTESTNUMBERDESC" />
                <field name="cwcode" type="text" default="" label="MOD_VISITORCOUNTER_CONTESTCODE" description="MOD_VISITORCOUNTER_CONTESTCODEDESC" />
                <field name="cwemail" type="text" default="" label="MOD_VISITORCOUNTER_CONTESTMAIL" description="MOD_VISITORCOUNTER_CONTESTMAILDESC" />
                <field name="cwtext" type="textarea" cols="40" rows="3" default="" label="MOD_VISITORCOUNTER_CONTESTTEXT" description="MOD_VISITORCOUNTER_CONTESTTEXTDESC" />
                <field name="cwpopup" type="list" default="0" label="MOD_VISITORCOUNTER_CONTESTPOPUP" description="MOD_VISITORCOUNTER_CONTESTPOPUPDESC">
                    <option value="1">MOD_VISITORCOUNTER_SQUEEZEBOX</option>
                    <option value="2">MOD_VISITORCOUNTER_JSALERTPOPUP</option>
                    <option value="0">JNO</option>
                </field>
                <field name="cwsession" type="list" default="0" label="MOD_VISITORCOUNTER_CONTESTSESSION" description="MOD_VISITORCOUNTER_CONTESTSESSIONDESC">
                    <option value="1">JYES</option>
                    <option value="0">JNO</option>
                </field>
                <field name="squeeze_url" type="text" default="" label="MOD_VISITORCOUNTER_SQUEEZEURL" description="MOD_VISITORCOUNTER_SQUEEZEURLDESC" />
                <field name="squeeze_relativetoroot" type="list" default="0" label="MOD_VISITORCOUNTER_SQUEEZERELATIVE" description="MOD_VISITORCOUNTER_SQUEEZERELATIVEDESC">
                    <option value="1">JYES</option>
                    <option value="0">JNO</option>
                </field>
                <field name="squeeze_width" type="text" default="200" label="MOD_VISITORCOUNTER_SQUEEZEWIDTH" description="MOD_VISITORCOUNTER_SQUEEZEWIDTHDESC" />
                <field name="squeeze_height" type="text" default="200" label="MOD_VISITORCOUNTER_SQUEEZEHEIGHT" description="MOD_VISITORCOUNTER_SQUEEZEHEIGHTDESC" />
                <field name="squeeze_time" type="text" default="10" label="MOD_VISITORCOUNTER_SQUEEZETIME" description="MOD_VISITORCOUNTER_SQUEEZETIMEDESC" />
                <field name="squeeze_opacity" type="text" default="70" label="MOD_VISITORCOUNTER_SQUEEZEOPACITY" description="MOD_VISITORCOUNTER_SQUEEZEOPACITYDESC" />
            </fieldset>
            <fieldset name="advanced">
                <field type="krdonationcodecheck" />
                <field name="cache" type="list" default="0" label="COM_MODULES_FIELD_CACHING_LABEL" description="COM_MODULES_FIELD_CACHING_DESC">
                    <option value="1">JGLOBAL_USE_GLOBAL</option>
                    <option value="0">COM_MODULES_FIELD_VALUE_NOCACHING</option>
                </field>
                <field name="cache_time" type="text" default="900" label="COM_MODULES_FIELD_CACHE_TIME_LABEL" description="COM_MODULES_FIELD_CACHE_TIME_DESC" />
                <field name="moduleclass_sfx" type="text" label="COM_MODULES_FIELD_MODULECLASS_SFX_LABEL" description="COM_MODULES_FIELD_MODULECLASS_SFX_DESC" />
            </fieldset>
            <fieldset name="donation">
                <field type="krdonationcodecheck" />
                <field name="donation_code" type="text" default="" size="40" label="KR_DONATION_CODE" description="KR_DONATION_CODEDESC" />
            </fieldset>
            <fieldset name="versioncheck">
                <field type="krdonationcodecheck" />
                <field type="krversioncheck" name="krversioncheck" default="vcnt|3-2" />
                <field name="versioncheck_enable" type="list" default="1" label="KR_VERSION_CHECK" description="KR_VERSION_CHECKDESC">
                    <option value="1">KR_VERSION_CHECK_ONCESESSION</option>
                    <option value="2">KR_VERSION_CHECK_ONEVERYLOAD</option>
                    <option value="0">JNO</option>
                </field>
            </fieldset>
        </fields>
    </config>
</extension>
